{
  "atlas_width": 1099,
  "atlas_height": 128,
  "glyphs": {
    "0": {
      "x": 16,
      "y": 16,
      "width": 80,
      "height": 96,
      "u0": 0.014558689717925387,
      "v0": 0.125,
      "u1": 0.08735213830755233,
      "v1": 0.875
    },
    "1": {
      "x": 112,
      "y": 16,
      "width": 51,
      "height": 93,
      "u0": 0.10191082802547771,
      "v0": 0.125,
      "u1": 0.1483166515013649,
      "v1": 0.8515625
    },
    "2": {
      "x": 179,
      "y": 16,
      "width": 77,
      "height": 94,
      "u0": 0.16287534121929026,
      "v0": 0.125,
      "u1": 0.2329390354868062,
      "v1": 0.859375
    },
    "3": {
      "x": 272,
      "y": 16,
      "width": 79,
      "height": 96,
      "u0": 0.24749772520473157,
      "v0": 0.125,
      "u1": 0.31938125568698816,
      "v1": 0.875
    },
    "4": {
      "x": 367,
      "y": 16,
      "width": 82,
      "height": 93,
      "u0": 0.33393994540491356,
      "v0": 0.125,
      "u1": 0.40855323020928114,
      "v1": 0.8515625
    },
    "5": {
      "x": 465,
      "y": 16,
      "width": 75,
      "height": 94,
      "u0": 0.42311191992720654,
      "v0": 0.125,
      "u1": 0.4913557779799818,
      "v1": 0.859375
    },
    "6": {
      "x": 556,
      "y": 16,
      "width": 78,
      "height": 96,
      "u0": 0.5059144676979072,
      "v0": 0.125,
      "u1": 0.5768880800727935,
      "v1": 0.875
    },
    "7": {
      "x": 650,
      "y": 16,
      "width": 71,
      "height": 94,
      "u0": 0.5914467697907189,
      "v0": 0.125,
      "u1": 0.6560509554140127,
      "v1": 0.859375
    },
    "8": {
      "x": 737,
      "y": 16,
      "width": 78,
      "height": 96,
      "u0": 0.6706096451319381,
      "v0": 0.125,
      "u1": 0.7415832575068244,
      "v1": 0.875
    },
    "9": {
      "x": 831,
      "y": 16,
      "width": 78,
      "height": 96,
      "u0": 0.7561419472247498,
      "v0": 0.125,
      "u1": 0.827115559599636,
      "v1": 0.875
    },
    "+": {
      "x": 925,
      "y": 16,
      "width": 84,
      "height": 66,
      "u0": 0.8416742493175614,
      "v0": 0.125,
      "u1": 0.9181073703366697,
      "v1": 0.640625
    },
    "-": {
      "x": 1025,
      "y": 16,
      "width": 58,
      "height": 44,
      "u0": 0.9326660600545951,
      "v0": 0.125,
      "u1": 0.9854413102820746,
      "v1": 0.46875
    }
  }
}